{"autoSkipOnMusicVideosUpdate":true,"categoryPillUpdate":true,"categorySelections":[{"name":"sponsor","option":1},{"name":"poi_highlight","option":0},{"name":"selfpromo","option":1},{"name":"interaction","option":1},{"name":"intro","option":1},{"name":"preview","option":1},{"name":"filler","option":1},{"name":"outro","option":1},{"name":"music_offtopic","option":1},{"name":"exclusive_access","option":0}],"dontShowNotice":true,"exclusive_accessCategoryAdded":true,"hideVideoPlayerControls":false,"invidiousInstances":["inv.cthd.icu","inv.riverside.rocks","invidio.xamh.de","invidious.kavin.rocks","invidious.namazso.eu","invidious.osi.kr","invidious.snopyta.org","vid.puffyan.us","yewtu.be","youtube.076.ne.jp","yt.artemislena.eu"],"isVip":false,"minutesSaved":3.7706777333333363,"noticeVisibilityMode":4,"showDonationLink":false,"skipCount":12,"unsubmittedSegments":{"8Pf-qosuRvQ":[],"b3x28s61q3c":[{"UUID":"VzyjhLCmje2pkeWGW5Ok0f2CkET3rNc0PgVT","actionType":"skip","category":"chooseACategory","segment":[51.911,129.925],"source":1}]},"userID":"BNIX1nMugpyXMoyBmMGYr220w20QNIyIjQr3","whitelistedChannels":["LinusTechTips","MartyFiles"],"defaultCategory":"chooseACategory","forceChannelCheck":true,"sponsorTimesContributed":0,"submissionCountSinceCategories":0,"showTimeWithSkips":true,"disableSkipping":false,"muteSegments":true,"fullVideoSegments":true,"trackViewCount":true,"trackViewCountInPrivate":true,"trackDownvotes":true,"hideInfoButtonPlayerControls":false,"hideDeleteButtonPlayerControls":false,"hideUploadButtonPlayerControls":false,"hideSkipButtonPlayerControls":false,"hideDiscordLaunches":0,"hideDiscordLink":false,"supportInvidious":false,"serverAddress":"https://sponsor.ajay.app","minDuration":0,"skipNoticeDuration":4,"audioNotificationOnSkip":false,"checkForUnlistedVideos":false,"testingServer":false,"refetchWhenNotFound":true,"ytInfoPermissionGranted":false,"allowExpirements":true,"showPopupDonationCount":0,"donateClicked":0,"autoHideInfoButton":true,"autoSkipOnMusicVideos":false,"scrollToEditTimeUpdate":false,"darkMode":true,"showCategoryGuidelines":true,"categoryPillColors":{},"skipKeybind":{"key":"Enter"},"startSponsorKeybind":{"key":";"},"submitKeybind":{"key":"'"},"colorPalette":{"red":"#780303","white":"#ffffff","locked":"#ffc83d"},"barTypes":{"preview-chooseACategory":{"color":"#ffffff","opacity":"0.7"},"sponsor":{"color":"#00d400","opacity":"0.7"},"preview-sponsor":{"color":"#007800","opacity":"0.7"},"selfpromo":{"color":"#ffff00","opacity":"0.7"},"preview-selfpromo":{"color":"#bfbf35","opacity":"0.7"},"exclusive_access":{"color":"#008a5c","opacity":"0.7"},"interaction":{"color":"#cc00ff","opacity":"0.7"},"preview-interaction":{"color":"#6c0087","opacity":"0.7"},"intro":{"color":"#00ffff","opacity":"0.7"},"preview-intro":{"color":"#008080","opacity":"0.7"},"outro":{"color":"#0202ed","opacity":"0.7"},"preview-outro":{"color":"#000070","opacity":"0.7"},"preview":{"color":"#008fd6","opacity":"0.7"},"preview-preview":{"color":"#005799","opacity":"0.7"},"music_offtopic":{"color":"#ff9900","opacity":"0.7"},"preview-music_offtopic":{"color":"#a6634a","opacity":"0.7"},"poi_highlight":{"color":"#ff1684","opacity":"0.7"},"preview-poi_highlight":{"color":"#9b044c","opacity":"0.7"},"filler":{"color":"#7300FF","opacity":"0.9"},"preview-filler":{"color":"#2E0066","opacity":"0.7"}}}